,area,distance to Roads,distance to Electrical lines,distance to Water,shape_factor,grassland,dry savanna,orchard,agriculture with vegetation,arable land,inner swamp,complex culture systems,Elevation mean,Elevation std,Slope mean,Slope std,Aspect mean,Aspect std,time to resource 0,time from resource 0,fuel consumption to resource 0,fuel consumption from resource 0,time to resource 1,time from resource 1,fuel consumption to resource 1,fuel consumption from resource 1,time to resource 2,time from resource 2,fuel consumption to resource 2,fuel consumption from resource 2,time to resource 3,time from resource 3,fuel consumption to resource 3,fuel consumption from resource 3,time to resource 4,time from resource 4,fuel consumption to resource 4,fuel consumption from resource 4,time to resource 5,time from resource 5,fuel consumption to resource 5,fuel consumption from resource 5,time to resource 6,time from resource 6,fuel consumption to resource 6,fuel consumption from resource 6
1,100000.00,729.18,819.50,1968.48,0.58,0.00,1.00,0.00,0.00,0.00,0.00,0.00,6.00,0.71,0.26,0.08,168.75,124.77,2.96,4.21,88.72,185.68,3.21,4.55,88.59,185.45,2.25,3.09,60.61,126.56,0.61,0.84,17.29,36.68,0.51,0.69,15.19,31.61,1.22,1.61,33.03,69.37,6.22,9.46,165.15,340.09
2,99336.30,895.90,628.39,1702.83,0.65,0.00,1.00,0.00,0.00,0.00,0.00,0.00,5.71,1.28,0.91,0.47,157.05,107.37,2.95,4.18,87.95,183.81,3.20,4.52,87.82,183.58,2.24,3.05,59.84,124.69,0.60,0.81,16.52,34.81,0.51,0.69,14.79,31.08,1.23,1.60,32.63,68.84,6.22,9.45,164.76,339.56
3,100000.00,744.79,495.19,1941.63,0.51,0.00,1.00,0.00,0.00,0.00,0.00,0.00,6.30,0.78,0.84,0.28,186.26,51.28,2.95,4.18,87.95,183.81,3.20,4.52,87.82,183.58,2.24,3.05,59.84,124.69,0.60,0.81,16.52,34.81,0.51,0.69,14.79,31.08,1.23,1.60,32.63,68.84,6.22,9.45,164.76,339.56
4,98243.42,706.60,743.95,852.98,0.38,0.00,1.00,0.00,0.00,0.00,0.00,0.00,7.25,0.99,0.99,0.43,217.66,96.00,2.93,4.16,87.48,182.76,3.18,4.50,87.36,182.52,2.22,3.03,59.37,123.64,0.57,0.79,16.05,33.76,0.52,0.70,15.13,31.68,1.23,1.62,32.97,69.44,6.23,9.47,165.10,340.16
5,99427.29,475.31,214.53,1935.98,0.60,0.00,1.00,0.00,0.00,0.00,0.00,0.00,8.00,0.95,0.84,0.34,214.23,127.86,2.95,4.18,87.95,183.81,3.20,4.52,87.82,183.58,2.24,3.05,59.84,124.69,0.60,0.81,16.52,34.81,0.51,0.69,14.79,31.08,1.23,1.60,32.63,68.84,6.22,9.45,164.76,339.56
6,99600.74,652.57,353.15,1551.29,0.40,0.00,1.00,0.00,0.00,0.00,0.00,0.00,7.00,0.94,0.65,0.29,219.16,72.20,2.95,4.18,87.95,183.81,3.20,4.52,87.82,183.58,2.24,3.05,59.84,124.69,0.60,0.81,16.52,34.81,0.51,0.69,14.79,31.08,1.23,1.60,32.63,68.84,6.22,9.45,164.76,339.56
7,100000.00,536.90,1049.74,1869.62,0.51,0.00,1.00,0.00,0.00,0.00,0.00,0.00,5.12,0.78,0.64,0.31,220.75,72.07,2.96,4.21,88.71,185.67,3.21,4.55,88.59,185.43,2.25,3.08,60.60,126.55,0.60,0.84,17.28,36.67,0.51,0.69,15.19,31.63,1.22,1.61,33.03,69.39,6.22,9.46,165.16,340.11
8,102511.59,177.62,804.08,1842.64,0.73,0.00,1.00,0.00,0.00,0.00,0.00,0.00,9.89,1.10,1.40,0.57,185.56,69.98,2.95,4.21,88.60,185.44,3.21,4.55,88.47,185.21,2.25,3.08,60.48,126.32,0.60,0.84,17.16,36.44,0.51,0.70,15.31,31.86,1.22,1.61,33.15,69.62,6.22,9.46,165.28,340.34
9,100750.41,324.53,1042.12,1905.93,0.44,0.00,1.00,0.00,0.00,0.00,0.00,0.00,6.69,1.73,1.41,0.77,115.66,121.31,2.95,4.21,88.67,185.54,3.21,4.55,88.55,185.31,2.25,3.08,60.56,126.42,0.60,0.84,17.24,36.54,0.51,0.70,15.25,31.71,1.22,1.61,33.09,69.47,6.22,9.46,165.22,340.19
10,100081.07,615.94,734.35,1518.37,0.55,0.00,1.00,0.00,0.00,0.00,0.00,0.00,11.69,2.73,2.18,1.11,116.07,99.25,2.95,4.20,88.40,185.05,3.20,4.54,88.27,184.82,2.24,3.08,60.29,125.93,0.60,0.83,16.97,36.05,0.52,0.70,15.53,32.22,1.23,1.62,33.36,69.98,6.23,9.47,165.49,340.70
11,102170.22,612.17,654.12,1220.36,0.58,0.00,1.00,0.00,0.00,0.00,0.00,0.00,8.27,2.11,1.99,1.17,76.24,71.38,2.93,4.18,87.98,184.26,3.18,4.52,87.85,184.03,2.23,3.06,59.86,125.14,0.58,0.81,16.54,35.26,0.53,0.72,15.87,33.18,1.25,1.64,33.70,70.94,6.24,9.49,165.83,341.67
12,97314.82,906.42,969.57,1526.73,0.60,0.00,1.00,0.00,0.00,0.00,0.00,0.00,6.09,0.97,0.75,0.56,86.54,75.96,2.93,4.18,87.98,184.26,3.18,4.52,87.85,184.03,2.23,3.06,59.86,125.14,0.58,0.81,16.54,35.26,0.53,0.72,15.87,33.18,1.25,1.64,33.70,70.94,6.24,9.49,165.83,341.67
13,98886.67,648.78,326.16,2236.81,0.57,0.00,1.00,0.00,0.00,0.00,0.00,0.00,9.62,1.36,1.12,0.44,202.92,111.19,2.97,4.22,88.42,184.61,3.22,4.56,88.29,184.38,2.27,3.09,60.30,125.49,0.62,0.85,16.98,35.61,0.49,0.68,14.72,31.06,1.21,1.60,32.56,68.82,6.21,9.45,164.69,339.54
14,99764.26,559.60,618.32,1111.13,0.48,0.00,1.00,0.00,0.00,0.00,0.00,0.00,9.22,0.92,0.76,0.43,168.64,68.04,2.98,4.23,88.63,185.21,3.23,4.57,88.50,184.98,2.27,3.10,60.52,126.09,0.63,0.86,17.20,36.21,0.49,0.69,14.54,31.23,1.21,1.60,32.38,68.99,6.21,9.45,164.51,339.71
15,100000.00,846.26,709.28,2288.48,0.58,0.00,1.00,0.00,0.00,0.00,0.00,0.00,8.31,1.83,1.33,0.57,238.75,65.82,2.96,4.21,88.72,185.68,3.21,4.55,88.59,185.45,2.25,3.09,60.61,126.56,0.61,0.84,17.29,36.68,0.51,0.69,15.19,31.61,1.22,1.61,33.03,69.37,6.22,9.46,165.15,340.09
16,101366.32,285.67,1330.00,2394.48,0.48,0.00,1.00,0.00,0.00,0.00,0.00,0.00,9.31,1.38,1.16,0.63,192.48,142.41,2.96,4.21,88.72,185.68,3.21,4.55,88.59,185.45,2.25,3.09,60.61,126.56,0.61,0.84,17.29,36.68,0.51,0.69,15.19,31.61,1.22,1.61,33.03,69.37,6.22,9.46,165.15,340.09
17,100000.00,512.54,1041.69,2246.51,0.58,0.00,1.00,0.00,0.00,0.00,0.00,0.00,7.29,1.44,1.21,0.50,233.77,113.43,2.96,4.21,88.72,185.68,3.21,4.55,88.59,185.45,2.25,3.09,60.61,126.56,0.61,0.84,17.29,36.68,0.51,0.69,15.19,31.61,1.22,1.61,33.03,69.37,6.22,9.46,165.15,340.09
18,100000.00,621.40,1025.94,2499.96,0.51,0.00,1.00,0.00,0.00,0.00,0.00,0.00,8.67,1.14,0.93,0.49,178.19,122.19,2.96,4.22,88.77,185.87,3.21,4.56,88.64,185.64,2.25,3.09,60.65,126.75,0.61,0.85,17.33,36.87,0.50,0.69,15.11,31.52,1.22,1.60,32.95,69.27,6.22,9.45,165.07,340.00
19,101780.45,364.24,1348.20,1839.97,0.48,0.00,1.00,0.00,0.00,0.00,0.00,0.00,9.69,1.14,1.15,0.71,93.54,70.26,2.96,4.22,88.85,186.30,3.22,4.56,88.72,186.06,2.26,3.10,60.73,127.17,0.61,0.85,17.41,37.30,0.50,0.68,14.88,31.32,1.21,1.60,32.72,69.08,6.21,9.45,164.85,339.80
20,101069.61,592.00,1152.94,1652.44,0.56,0.00,1.00,0.00,0.00,0.00,0.00,0.00,8.62,0.86,0.56,0.24,170.50,41.31,2.97,4.23,89.05,186.55,3.22,4.57,88.93,186.31,2.26,3.10,60.94,127.42,0.61,0.86,17.62,37.55,0.49,0.68,14.76,30.99,1.21,1.59,32.59,68.75,6.21,9.44,164.72,339.47
21,99813.18,374.11,1403.93,1923.34,0.68,0.00,1.00,0.00,0.00,0.00,0.00,0.00,8.75,1.22,1.10,0.65,79.28,66.12,2.97,4.23,89.11,186.68,3.22,4.57,88.98,186.45,2.26,3.10,61.00,127.56,0.62,0.86,17.68,37.68,0.49,0.68,14.66,30.90,1.21,1.59,32.50,68.66,6.21,9.44,164.62,339.38
22,100000.00,762.39,931.94,1426.94,0.67,0.00,1.00,0.00,0.00,0.00,0.00,0.00,7.73,1.69,1.16,0.52,171.32,125.77,2.96,4.22,88.84,186.24,3.22,4.56,88.71,186.00,2.26,3.10,60.72,127.11,0.61,0.85,17.40,37.24,0.50,0.68,14.91,31.34,1.21,1.60,32.75,69.10,6.21,9.45,164.88,339.82
23,97814.60,933.91,810.21,1315.04,0.53,0.00,1.00,0.00,0.00,0.00,0.00,0.00,7.11,1.41,1.05,0.51,119.47,115.08,2.98,4.23,88.66,185.29,3.23,4.57,88.54,185.06,2.28,3.10,60.55,126.17,0.63,0.86,17.23,36.29,0.49,0.68,14.50,31.12,1.21,1.60,32.34,68.87,6.21,9.45,164.47,339.60
24,46445.99,284.64,679.15,1170.79,0.58,0.00,1.00,0.00,0.00,0.00,0.00,0.00,6.64,0.77,0.83,0.38,187.64,39.54,2.98,4.23,88.66,185.34,3.23,4.57,88.54,185.11,2.28,3.10,60.55,126.22,0.63,0.86,17.23,36.34,0.49,0.68,14.48,31.12,1.21,1.60,32.31,68.87,6.21,9.45,164.44,339.60
25,98898.66,444.94,1268.75,1576.17,0.51,0.00,1.00,0.00,0.00,0.00,0.00,0.00,11.40,0.80,0.89,0.26,273.53,66.90,3.00,4.26,89.37,186.69,3.26,4.60,89.25,186.46,2.30,3.13,61.26,127.57,0.65,0.89,17.94,37.69,0.42,0.58,12.53,26.42,1.14,1.50,30.37,64.18,6.14,9.35,162.50,334.91
26,98189.61,187.55,1011.85,1834.14,0.55,0.00,1.00,0.00,0.00,0.00,0.00,0.00,11.50,1.06,0.83,0.37,171.84,101.95,3.00,4.26,89.26,186.51,3.25,4.60,89.13,186.27,2.29,3.13,61.14,127.38,0.65,0.89,17.82,37.51,0.43,0.59,12.65,26.64,1.14,1.50,30.49,64.40,6.14,9.35,162.62,335.12
27,101670.07,334.01,1284.64,1563.16,0.54,0.00,1.00,0.00,0.00,0.00,0.00,0.00,11.59,0.84,0.69,0.33,139.54,125.51,3.02,4.28,89.94,187.98,3.27,4.62,89.82,187.74,2.31,3.16,61.83,128.86,0.67,0.91,18.51,38.98,0.42,0.59,12.60,26.40,1.14,1.50,30.44,64.16,6.14,9.35,162.57,334.88
28,100894.88,424.84,1747.65,1093.53,0.22,0.00,1.00,0.00,0.00,0.00,0.00,0.00,11.10,1.37,0.91,0.66,170.34,102.16,3.00,4.26,89.41,186.85,3.26,4.60,89.29,186.62,2.30,3.13,61.30,127.73,0.65,0.89,17.98,37.85,0.42,0.58,12.46,26.35,1.13,1.50,30.29,64.10,6.13,9.35,162.42,334.83
29,100066.36,313.20,1146.20,1663.09,0.51,0.00,1.00,0.00,0.00,0.00,0.00,0.00,12.33,1.15,1.00,0.60,221.07,113.25,2.99,4.25,89.10,186.29,3.25,4.59,88.97,186.06,2.29,3.12,60.99,127.17,0.64,0.88,17.67,37.29,0.43,0.60,12.75,26.98,1.15,1.51,30.59,64.73,6.15,9.36,162.72,335.46
30,102754.27,490.45,1319.55,1498.73,0.63,0.00,1.00,0.00,0.00,0.00,0.00,0.00,11.76,1.63,0.96,0.54,192.88,99.49,3.00,4.26,89.21,186.45,3.25,4.59,89.08,186.21,2.29,3.13,61.10,127.32,0.65,0.88,17.78,37.45,0.43,0.59,12.68,26.74,1.14,1.50,30.52,64.50,6.14,9.35,162.64,335.22
31,98836.21,421.76,1260.62,1575.74,0.49,0.00,1.00,0.00,0.00,0.00,0.00,0.00,11.56,0.96,0.79,0.42,138.16,115.60,2.99,4.24,88.95,185.89,3.24,4.58,88.82,185.66,2.28,3.11,60.84,126.77,0.63,0.87,17.52,36.89,0.44,0.60,12.94,27.29,1.15,1.52,30.78,65.05,6.15,9.37,162.91,335.77
32,99332.94,384.48,1228.56,1688.78,0.51,0.00,1.00,0.00,0.00,0.00,0.00,0.00,12.50,1.23,0.92,0.55,145.12,94.64,2.98,4.24,88.80,185.62,3.24,4.58,88.67,185.38,2.28,3.11,60.69,126.50,0.63,0.87,17.37,36.62,0.44,0.61,13.11,27.54,1.16,1.52,30.95,65.30,6.16,9.37,163.07,336.02
33,99312.05,1324.08,2177.66,837.45,0.23,0.00,1.00,0.00,0.00,0.00,0.00,0.00,14.42,3.42,2.95,1.27,170.58,104.23,2.97,4.21,88.23,184.41,3.22,4.55,88.11,184.18,2.26,3.08,60.12,125.29,0.62,0.84,16.80,35.41,0.46,0.63,13.63,28.78,1.17,1.54,31.47,66.54,6.17,9.39,163.59,337.26
34,19468.20,1289.69,2131.73,818.69,0.65,0.00,1.00,0.00,0.00,0.00,0.00,0.00,11.50,1.00,1.01,0.31,221.65,73.17,2.98,4.24,88.79,185.56,3.24,4.57,88.66,185.32,2.28,3.11,60.68,126.43,0.63,0.86,17.36,36.56,0.44,0.61,13.14,27.56,1.16,1.52,30.98,65.32,6.16,9.37,163.10,336.04
35,102748.67,209.13,1038.41,921.14,0.55,0.00,1.00,0.00,0.00,0.00,0.00,0.00,11.80,1.94,1.07,0.60,151.97,140.76,3.07,4.34,91.08,190.76,3.32,4.68,90.95,190.53,2.36,3.21,62.96,131.64,0.71,0.97,19.64,41.76,0.37,0.49,10.64,22.87,1.08,1.40,28.48,60.63,6.08,9.26,160.61,331.35
36,101706.21,235.33,1058.19,1061.58,0.36,0.00,1.00,0.00,0.00,0.00,0.00,0.00,13.41,2.88,2.02,1.55,147.23,130.41,3.07,4.34,91.13,190.88,3.32,4.68,91.00,190.65,2.36,3.21,63.01,131.76,0.72,0.97,19.69,41.88,0.37,0.49,10.62,22.65,1.08,1.40,28.46,60.41,6.08,9.25,160.59,331.13
37,97614.33,451.58,1293.05,932.10,0.24,0.00,1.00,0.00,0.00,0.00,0.00,0.00,12.59,2.45,1.67,0.90,203.02,84.08,3.06,4.33,90.96,190.27,3.32,4.67,90.84,190.04,2.36,3.20,62.85,131.15,0.71,0.96,19.53,41.27,0.37,0.50,10.88,23.18,1.09,1.41,28.72,60.94,6.08,9.26,160.84,331.66
38,99456.45,348.26,820.32,696.88,0.49,0.00,1.00,0.00,0.00,0.00,0.00,0.00,12.08,1.49,1.47,1.00,153.37,83.22,3.13,4.43,93.07,194.68,3.38,4.77,92.94,194.45,2.42,3.30,64.95,135.56,0.78,1.06,21.63,45.68,0.30,0.41,8.72,18.77,1.02,1.33,26.73,56.59,6.02,9.18,158.86,327.31
39,82021.95,252.76,908.39,675.79,0.73,0.00,1.00,0.00,0.00,0.00,0.00,0.00,13.39,2.48,1.71,0.82,155.17,95.99,3.12,4.43,92.90,194.51,3.38,4.77,92.77,194.27,2.42,3.30,64.78,135.38,0.77,1.06,21.46,45.51,0.30,0.41,8.83,19.04,1.02,1.34,26.84,56.85,6.02,9.19,158.97,327.57
40,99778.90,475.37,9221.83,923.51,0.59,0.00,1.00,0.00,0.00,0.00,0.00,0.00,7.22,2.82,1.84,1.26,132.63,94.31,4.58,6.33,130.96,273.83,4.83,6.67,130.83,273.59,3.87,5.20,102.84,214.70,2.23,2.96,59.52,124.83,1.60,2.12,43.27,90.68,0.44,0.57,11.10,22.94,4.65,7.31,121.89,248.58
41,15508.22,396.06,9296.51,1112.33,0.66,0.00,1.00,0.00,0.00,0.00,0.00,0.00,9.57,3.66,3.27,1.36,196.18,43.23,4.67,6.44,132.62,278.15,4.93,6.78,132.49,277.91,3.97,5.31,104.51,219.02,2.32,3.07,61.19,129.15,1.70,2.22,44.94,95.00,0.53,0.68,12.77,27.26,4.74,7.41,123.56,252.90
42,102385.32,186.02,431.16,965.73,0.57,1.00,0.00,0.00,0.00,0.00,0.00,0.00,10.10,1.87,1.31,0.85,128.91,42.85,4.06,5.68,118.57,249.85,4.31,6.02,118.44,249.61,3.35,4.55,90.46,190.72,1.71,2.31,47.14,100.85,1.08,1.47,30.89,66.70,0.36,0.47,9.26,19.59,5.07,7.95,133.25,272.68
43,101357.23,535.51,772.82,1317.83,0.58,1.00,0.00,0.00,0.00,0.00,0.00,0.00,12.85,3.08,2.40,0.89,183.43,14.68,4.06,5.68,118.62,249.95,4.31,6.02,118.50,249.71,3.36,4.56,90.51,190.82,1.71,2.31,47.19,100.95,1.08,1.47,30.94,66.80,0.36,0.47,9.31,19.69,5.07,7.94,133.22,272.53
44,100000.00,569.89,832.27,1285.58,0.51,1.00,0.00,0.00,0.00,0.00,0.00,0.00,14.82,2.76,3.06,0.80,81.09,19.57,4.06,5.68,118.57,249.85,4.31,6.02,118.44,249.61,3.35,4.55,90.46,190.72,1.71,2.31,47.14,100.85,1.08,1.47,30.89,66.70,0.36,0.47,9.26,19.59,5.07,7.95,133.25,272.68
45,100000.00,381.04,680.92,1069.80,0.58,1.00,0.00,0.00,0.00,0.00,0.00,0.00,9.67,1.05,1.44,0.49,107.79,92.64,4.06,5.68,118.53,249.75,4.31,6.02,118.40,249.51,3.35,4.55,90.42,190.63,1.71,2.31,47.10,100.75,1.08,1.46,30.85,66.60,0.36,0.47,9.22,19.50,5.07,7.95,133.31,272.77
46,100680.98,159.18,483.63,842.44,0.50,1.00,0.00,0.00,0.00,0.00,0.00,0.00,8.23,1.31,1.35,0.93,201.45,101.46,4.05,5.67,118.35,249.33,4.31,6.01,118.22,249.09,3.35,4.54,90.24,190.20,1.70,2.30,46.92,100.33,1.07,1.46,30.67,66.18,0.35,0.46,9.04,19.07,5.07,7.95,133.53,273.07
47,100832.12,379.96,758.08,926.26,0.67,1.00,0.00,0.00,0.00,0.00,0.00,0.00,13.25,3.10,2.92,1.24,235.05,48.16,4.05,5.66,118.19,249.13,4.30,6.00,118.06,248.90,3.34,4.54,90.08,190.01,1.70,2.29,46.76,100.13,1.07,1.45,30.51,65.99,0.35,0.45,8.88,18.88,5.08,7.96,133.62,273.43
48,101769.41,671.75,995.88,1284.68,0.59,1.00,0.00,0.00,0.00,0.00,0.00,0.00,11.44,2.34,2.12,1.13,147.21,78.09,4.05,5.67,118.36,249.39,4.31,6.01,118.23,249.15,3.35,4.54,90.25,190.26,1.70,2.30,46.93,100.39,1.08,1.46,30.68,66.24,0.35,0.46,9.05,19.13,5.07,7.95,133.50,273.05
49,99326.93,411.31,1638.61,2223.11,0.57,1.00,0.00,0.00,0.00,0.00,0.00,0.00,32.47,3.48,3.73,2.41,137.40,87.75,4.13,5.76,120.04,253.39,4.38,6.10,119.91,253.16,3.42,4.64,91.93,194.27,1.78,2.39,48.61,104.39,1.15,1.55,32.36,70.25,0.43,0.55,10.73,23.14,5.10,7.98,133.69,273.79
50,100944.95,716.74,1559.76,2098.04,0.59,1.00,0.00,0.00,0.00,0.00,0.00,0.00,21.54,4.13,3.63,2.53,137.64,121.90,4.13,5.76,120.04,253.39,4.38,6.10,119.91,253.16,3.42,4.64,91.93,194.27,1.78,2.39,48.61,104.39,1.15,1.55,32.36,70.25,0.43,0.55,10.73,23.14,5.10,7.98,133.69,273.79
51,98084.32,563.33,1331.21,1889.92,0.61,1.00,0.00,0.00,0.00,0.00,0.00,0.00,21.87,4.70,3.47,1.93,96.64,58.61,4.13,5.76,120.04,253.39,4.38,6.10,119.91,253.16,3.42,4.64,91.93,194.27,1.78,2.39,48.61,104.39,1.15,1.55,32.36,70.25,0.43,0.55,10.73,23.14,5.10,7.98,133.69,273.79
52,98158.11,870.03,1112.00,1632.09,0.49,1.00,0.00,0.00,0.00,0.00,0.00,0.00,18.00,3.31,2.35,1.35,165.10,54.37,4.06,5.68,118.62,249.95,4.31,6.02,118.50,249.71,3.36,4.56,90.51,190.82,1.71,2.31,47.19,100.95,1.08,1.47,30.94,66.80,0.36,0.47,9.31,19.69,5.07,7.94,133.22,272.53
53,98632.72,922.52,1190.65,1621.17,0.64,1.00,0.00,0.00,0.00,0.00,0.00,0.00,18.25,1.83,1.64,0.63,95.45,56.79,4.06,5.68,118.57,249.85,4.31,6.02,118.44,249.61,3.35,4.55,90.46,190.72,1.71,2.31,47.14,100.85,1.08,1.47,30.89,66.70,0.36,0.47,9.26,19.59,5.07,7.95,133.25,272.68
54,99456.59,1180.28,1429.50,1905.64,0.64,1.00,0.00,0.00,0.00,0.00,0.00,0.00,21.16,2.54,1.87,0.89,170.88,99.32,4.06,5.68,118.62,249.95,4.31,6.02,118.50,249.71,3.36,4.56,90.51,190.82,1.71,2.31,47.19,100.95,1.08,1.47,30.94,66.80,0.36,0.47,9.31,19.69,5.07,7.94,133.22,272.53
55,100431.23,184.36,18583.56,234.07,0.30,1.00,0.00,0.00,0.00,0.00,0.00,0.00,33.47,7.28,7.14,2.70,168.38,76.52,0.95,1.34,25.26,52.79,1.50,2.14,35.52,75.46,2.26,3.20,61.00,130.12,3.30,4.72,95.93,204.90,4.37,6.19,126.42,269.11,5.08,7.11,144.26,306.87,10.08,14.96,276.39,577.59
56,101965.02,216.85,18315.24,142.81,0.39,1.00,0.00,0.00,0.00,0.00,0.00,0.00,35.36,9.46,10.47,4.69,239.90,56.99,0.89,1.26,23.89,49.98,1.44,2.06,34.14,72.65,2.20,3.12,59.63,127.30,3.24,4.64,94.55,202.09,4.31,6.12,125.04,266.29,5.02,7.03,142.88,304.05,10.02,14.88,275.01,574.78
57,30980.54,86.68,18599.54,159.98,0.59,1.00,0.00,0.00,0.00,0.00,0.00,0.00,24.55,3.39,4.89,2.27,192.82,95.83,0.92,1.31,24.63,51.43,1.47,2.11,34.88,74.10,2.23,3.17,60.37,128.75,3.27,4.69,95.29,203.54,4.34,6.16,125.78,267.74,5.05,7.08,143.62,305.50,10.05,14.93,275.75,576.22
58,101346.88,87.97,18302.07,565.00,0.33,1.00,0.00,0.00,0.00,0.00,0.00,0.00,20.31,2.48,2.15,1.39,158.77,107.30,0.96,1.36,25.42,53.23,1.51,2.15,35.67,75.90,2.28,3.22,61.16,130.56,3.31,4.73,96.08,205.34,4.38,6.21,126.57,269.55,5.10,7.12,144.41,307.31,10.10,14.97,276.54,578.03
59,100000.00,782.58,4269.89,1213.23,0.51,1.00,0.00,0.00,0.00,0.00,0.00,0.00,10.80,3.12,3.14,2.62,233.95,70.28,3.62,5.09,105.91,222.65,3.87,5.43,105.78,222.41,2.91,3.96,77.80,163.53,1.26,1.72,34.48,73.65,0.64,0.87,18.23,39.50,0.71,0.93,18.99,40.50,5.71,8.78,150.82,310.73
60,100488.83,420.92,4012.33,776.25,0.68,1.00,0.00,0.00,0.00,0.00,0.00,0.00,10.80,0.98,1.55,1.53,152.44,60.15,3.61,5.07,105.63,222.26,3.86,5.41,105.50,222.03,2.90,3.95,77.52,163.14,1.26,1.70,34.20,73.26,0.63,0.86,17.95,39.12,0.70,0.92,18.71,40.11,5.70,8.77,150.84,310.83
61,99000.50,612.79,3972.93,964.56,0.45,1.00,0.00,0.00,0.00,0.00,0.00,0.00,12.47,3.95,4.02,3.11,211.60,77.95,3.61,5.07,105.51,222.25,3.86,5.41,105.38,222.02,2.90,3.94,77.40,163.13,1.26,1.70,34.08,73.25,0.63,0.86,17.83,39.10,0.70,0.91,18.59,40.10,5.70,8.76,150.72,310.82
62,100504.26,166.11,4056.80,800.30,0.68,1.00,0.00,0.00,0.00,0.00,0.00,0.00,15.31,4.09,4.26,2.02,210.89,59.04,3.61,5.08,105.81,222.42,3.87,5.42,105.68,222.19,2.91,3.95,77.70,163.30,1.26,1.71,34.38,73.42,0.64,0.87,18.13,39.27,0.71,0.93,18.89,40.27,5.71,8.78,150.93,310.94
63,100000.00,647.73,4420.36,1052.00,0.58,1.00,0.00,0.00,0.00,0.00,0.00,0.00,10.00,1.49,1.03,0.45,149.19,116.71,3.62,5.09,106.00,222.80,3.87,5.43,105.88,222.56,2.91,3.96,77.89,163.67,1.27,1.72,34.57,73.79,0.64,0.88,18.32,39.65,0.71,0.93,19.09,40.64,5.71,8.78,150.75,310.58
64,99660.45,401.01,4382.61,818.91,0.47,0.97,0.03,0.00,0.00,0.00,0.00,0.00,11.81,3.21,1.90,1.48,106.48,53.48,3.62,5.09,106.03,222.88,3.87,5.43,105.90,222.65,2.91,3.96,77.92,163.76,1.27,1.72,34.60,73.88,0.64,0.88,18.35,39.74,0.71,0.93,19.11,40.73,5.71,8.78,150.73,310.49
65,100000.00,1041.38,4675.65,1553.11,0.51,1.00,0.00,0.00,0.00,0.00,0.00,0.00,10.71,1.03,0.75,0.46,104.33,80.77,3.62,5.09,106.03,222.88,3.87,5.43,105.90,222.65,2.91,3.96,77.92,163.76,1.27,1.72,34.60,73.88,0.64,0.88,18.35,39.74,0.71,0.93,19.11,40.73,5.71,8.78,150.73,310.49
66,100000.00,1188.20,4544.71,1359.29,0.51,1.00,0.00,0.00,0.00,0.00,0.00,0.00,9.38,0.70,1.05,0.80,178.57,124.41,3.62,5.09,105.87,222.65,3.87,5.43,105.74,222.41,2.91,3.96,77.76,163.52,1.26,1.72,34.44,73.65,0.64,0.87,18.19,39.50,0.71,0.93,18.95,40.49,5.71,8.78,150.82,310.81
67,100000.00,1066.91,4270.32,1083.73,0.51,1.00,0.00,0.00,0.00,0.00,0.00,0.00,12.36,4.07,3.42,2.21,217.23,84.39,3.61,5.07,105.52,222.26,3.86,5.41,105.39,222.03,2.90,3.94,77.40,163.14,1.26,1.70,34.08,73.26,0.63,0.86,17.83,39.12,0.70,0.91,18.60,40.11,5.70,8.76,150.73,310.83
68,100000.00,943.90,4818.43,1161.95,0.51,1.00,0.00,0.00,0.00,0.00,0.00,0.00,10.56,0.83,0.46,0.24,116.37,76.26,3.62,5.09,106.07,223.01,3.88,5.43,105.94,222.78,2.92,3.97,77.95,163.89,1.27,1.72,34.63,74.01,0.65,0.88,18.38,39.87,0.72,0.94,19.15,40.86,5.72,8.79,150.71,310.30
69,99094.51,738.88,4981.69,892.58,0.44,0.61,0.39,0.00,0.00,0.00,0.00,0.00,12.18,1.34,1.75,0.71,103.74,119.32,3.64,5.11,106.35,223.57,3.89,5.45,106.22,223.33,2.93,3.98,78.23,164.44,1.28,1.74,34.91,74.57,0.66,0.89,18.66,40.42,0.73,0.95,19.43,41.41,5.73,8.80,150.45,309.66
70,99403.04,648.18,4742.77,861.37,0.59,0.59,0.41,0.00,0.00,0.00,0.00,0.00,11.08,1.38,1.20,1.02,165.60,87.50,3.63,5.09,106.10,223.11,3.88,5.43,105.98,222.87,2.92,3.97,77.99,163.98,1.28,1.72,34.67,74.10,0.65,0.88,18.42,39.96,0.72,0.94,19.19,40.95,5.72,8.79,150.66,310.18
71,99097.61,1748.16,5065.44,1462.76,0.58,1.00,0.00,0.00,0.00,0.00,0.00,0.00,17.50,4.03,4.56,1.20,212.64,22.01,3.63,5.09,106.10,223.02,3.88,5.43,105.98,222.79,2.92,3.97,77.99,163.90,1.28,1.72,34.67,74.02,0.65,0.88,18.42,39.88,0.72,0.94,19.19,40.87,5.72,8.79,150.70,310.18
72,100000.00,1412.70,4955.36,1538.84,0.51,1.00,0.00,0.00,0.00,0.00,0.00,0.00,11.89,2.96,2.57,2.06,242.16,96.91,3.63,5.09,106.10,223.05,3.88,5.43,105.98,222.82,2.92,3.97,77.99,163.93,1.28,1.72,34.67,74.05,0.65,0.88,18.42,39.91,0.72,0.94,19.19,40.90,5.72,8.79,150.69,310.18
73,100000.00,1508.26,4779.93,1277.05,0.58,1.00,0.00,0.00,0.00,0.00,0.00,0.00,20.07,5.81,5.50,1.14,281.73,43.33,3.62,5.09,105.95,222.73,3.87,5.43,105.83,222.50,2.91,3.96,77.84,163.61,1.27,1.72,34.52,73.73,0.64,0.87,18.27,39.59,0.71,0.93,19.04,40.58,5.71,8.78,150.78,310.64
74,100000.00,1498.51,4545.53,1007.18,0.58,1.00,0.00,0.00,0.00,0.00,0.00,0.00,25.00,6.31,5.68,2.55,198.86,138.72,3.61,5.07,105.52,222.26,3.86,5.41,105.39,222.03,2.90,3.94,77.40,163.14,1.26,1.70,34.08,73.26,0.63,0.86,17.83,39.12,0.70,0.91,18.60,40.11,5.70,8.76,150.73,310.83
75,98720.85,1827.75,4787.52,1109.24,0.45,1.00,0.00,0.00,0.00,0.00,0.00,0.00,29.38,2.92,3.34,2.04,235.59,82.85,3.61,5.07,105.52,222.26,3.86,5.41,105.39,222.03,2.90,3.94,77.40,163.14,1.26,1.70,34.08,73.26,0.63,0.86,17.83,39.12,0.70,0.91,18.60,40.11,5.70,8.76,150.73,310.83
76,100086.75,2078.49,4849.67,1082.90,0.63,1.00,0.00,0.00,0.00,0.00,0.00,0.00,32.33,1.19,1.40,1.12,147.27,83.44,3.61,5.07,105.52,222.26,3.86,5.41,105.39,222.03,2.90,3.94,77.40,163.14,1.26,1.70,34.08,73.26,0.63,0.86,17.83,39.12,0.70,0.91,18.60,40.11,5.70,8.76,150.73,310.83
77,100000.00,1245.46,5143.33,1405.97,0.51,1.00,0.00,0.00,0.00,0.00,0.00,0.00,11.25,1.20,0.84,0.37,98.05,90.69,3.63,5.10,106.26,223.41,3.89,5.44,106.14,223.18,2.93,3.98,78.15,164.29,1.28,1.73,34.83,74.41,0.66,0.89,18.58,40.27,0.73,0.95,19.35,41.26,5.73,8.80,150.52,309.85
78,97712.04,1784.78,5284.93,1270.50,0.61,1.00,0.00,0.00,0.00,0.00,0.00,0.00,12.71,1.39,2.86,2.89,62.97,42.41,3.64,5.11,106.35,223.57,3.89,5.45,106.22,223.33,2.93,3.98,78.23,164.44,1.28,1.74,34.91,74.57,0.66,0.89,18.66,40.42,0.73,0.95,19.43,41.41,5.73,8.80,150.45,309.66
79,102379.02,1689.48,5523.84,1495.41,0.50,1.00,0.00,0.00,0.00,0.00,0.00,0.00,29.89,5.22,5.89,3.78,61.79,80.89,3.71,5.21,107.99,227.89,3.96,5.55,107.86,227.65,3.00,4.08,79.87,168.77,1.35,1.84,36.55,78.89,0.73,1.00,20.30,44.74,0.80,1.05,21.07,45.74,5.76,8.84,148.42,306.16
80,100000.00,1550.90,5256.20,1791.84,0.58,1.00,0.00,0.00,0.00,0.00,0.00,0.00,13.81,3.07,2.84,2.12,159.64,143.40,3.63,5.10,106.11,223.22,3.88,5.44,105.98,222.98,2.92,3.97,78.00,164.10,1.28,1.73,34.68,74.22,0.65,0.88,18.43,40.07,0.72,0.94,19.19,41.07,5.72,8.79,150.62,310.17
81,102970.24,1934.46,5590.46,2094.74,0.50,1.00,0.00,0.00,0.00,0.00,0.00,0.00,31.19,3.54,3.99,2.75,56.09,49.40,3.71,5.21,107.99,227.89,3.96,5.55,107.86,227.65,3.00,4.08,79.87,168.77,1.35,1.84,36.55,78.89,0.73,1.00,20.30,44.74,0.80,1.05,21.07,45.74,5.76,8.84,148.42,306.16
82,98807.23,2235.40,5470.84,1864.57,0.57,1.00,0.00,0.00,0.00,0.00,0.00,0.00,22.60,7.59,4.55,2.82,134.75,103.86,3.71,5.21,107.99,227.89,3.96,5.55,107.86,227.65,3.00,4.08,79.87,168.77,1.35,1.84,36.55,78.89,0.73,1.00,20.30,44.74,0.80,1.05,21.07,45.74,5.76,8.84,148.42,306.16
83,97720.30,813.95,3901.94,764.54,0.52,1.00,0.00,0.00,0.00,0.00,0.00,0.00,19.46,6.81,5.70,2.35,213.64,112.68,3.61,5.06,105.42,221.82,3.86,5.40,105.29,221.58,2.90,3.93,77.30,162.70,1.25,1.69,33.98,72.82,0.63,0.85,17.73,38.67,0.70,0.90,18.50,39.67,5.70,8.75,150.63,310.39
84,99512.22,1115.11,3476.29,260.47,0.44,1.00,0.00,0.00,0.00,0.00,0.00,0.00,32.38,3.20,3.73,1.42,98.54,111.29,3.60,5.04,104.95,220.98,3.85,5.38,104.83,220.75,2.89,3.91,76.84,161.86,1.24,1.67,33.52,71.98,0.62,0.82,17.27,37.84,0.69,0.88,18.04,38.83,5.69,8.73,150.16,309.55
85,100000.00,957.75,3680.41,464.94,0.51,1.00,0.00,0.00,0.00,0.00,0.00,0.00,32.00,8.59,4.44,2.66,269.33,110.69,3.60,5.05,105.34,221.57,3.86,5.39,105.22,221.34,2.90,3.93,77.23,162.45,1.25,1.68,33.91,72.57,0.63,0.84,17.66,38.43,0.70,0.90,18.43,39.42,5.70,8.75,150.55,310.14
86,100075.03,728.43,3520.70,382.48,0.43,1.00,0.00,0.00,0.00,0.00,0.00,0.00,26.71,7.51,4.07,2.48,247.37,96.42,3.60,5.05,105.26,221.36,3.85,5.39,105.13,221.12,2.89,3.92,77.15,162.23,1.25,1.68,33.83,72.36,0.62,0.84,17.58,38.21,0.69,0.89,18.34,39.20,5.69,8.74,150.47,309.93
87,100858.37,472.53,3271.67,317.11,0.61,1.00,0.00,0.00,0.00,0.00,0.00,0.00,29.75,1.15,1.22,0.88,162.74,91.76,3.59,5.03,104.89,220.81,3.85,5.37,104.76,220.57,2.89,3.91,76.78,161.69,1.24,1.66,33.46,71.81,0.62,0.82,17.21,37.66,0.69,0.88,17.97,38.66,5.69,8.73,150.10,309.38
88,99928.29,171.12,3098.66,431.94,0.60,1.00,0.00,0.00,0.00,0.00,0.00,0.00,28.05,6.64,5.51,4.18,227.73,116.24,3.60,5.05,105.26,221.27,3.85,5.39,105.13,221.04,2.89,3.92,77.14,162.15,1.25,1.68,33.83,72.27,0.62,0.84,17.57,38.13,0.69,0.89,18.34,39.12,5.69,8.74,150.47,309.84
89,100000.00,1669.69,4093.21,386.26,0.51,1.00,0.00,0.00,0.00,0.00,0.00,0.00,21.75,3.11,3.31,1.68,71.94,99.46,3.60,5.05,105.35,221.59,3.86,5.39,105.23,221.36,2.90,3.93,77.24,162.47,1.25,1.68,33.92,72.59,0.63,0.84,17.67,38.45,0.70,0.90,18.44,39.44,5.70,8.75,150.56,310.16
90,100000.00,1435.75,4243.84,699.25,0.58,1.00,0.00,0.00,0.00,0.00,0.00,0.00,24.29,6.04,4.68,2.33,179.87,110.97,3.61,5.07,105.52,222.26,3.86,5.41,105.39,222.03,2.90,3.94,77.40,163.14,1.26,1.70,34.08,73.26,0.63,0.86,17.83,39.12,0.70,0.91,18.60,40.11,5.70,8.76,150.73,310.83
91,100000.00,1749.50,4446.20,747.18,0.58,1.00,0.00,0.00,0.00,0.00,0.00,0.00,28.93,3.04,2.37,0.97,215.26,125.57,3.61,5.07,105.52,222.26,3.86,5.41,105.39,222.03,2.90,3.94,77.40,163.14,1.26,1.70,34.08,73.26,0.63,0.86,17.83,39.12,0.70,0.91,18.60,40.11,5.70,8.76,150.73,310.83
92,100000.00,1115.63,4024.44,806.14,0.58,1.00,0.00,0.00,0.00,0.00,0.00,0.00,23.40,8.52,6.12,2.73,247.92,35.03,3.60,5.06,105.42,221.73,3.86,5.40,105.29,221.49,2.90,3.93,77.30,162.60,1.25,1.69,33.98,72.73,0.63,0.85,17.73,38.58,0.70,0.90,18.50,39.57,5.70,8.75,150.63,310.30
93,100000.00,1274.71,3902.12,468.50,0.58,1.00,0.00,0.00,0.00,0.00,0.00,0.00,34.14,3.50,3.34,1.97,199.96,43.86,3.60,5.05,105.32,221.40,3.85,5.39,105.19,221.17,2.89,3.93,77.21,162.28,1.25,1.68,33.89,72.40,0.62,0.84,17.64,38.25,0.70,0.90,18.40,39.25,5.69,8.75,150.53,309.97
94,101333.87,1445.63,3794.43,202.62,0.45,1.00,0.00,0.00,0.00,0.00,0.00,0.00,29.14,4.84,4.91,1.95,134.57,38.83,3.60,5.04,105.07,221.20,3.85,5.38,104.94,220.97,2.89,3.92,76.96,162.08,1.25,1.67,33.64,72.20,0.62,0.83,17.39,38.06,0.69,0.89,18.15,39.05,5.69,8.74,150.28,309.77
95,98281.90,2624.04,4366.00,501.28,0.53,1.00,0.00,0.00,0.00,0.00,0.00,0.00,30.31,3.52,2.97,1.06,236.61,73.03,3.60,5.04,105.02,220.98,3.85,5.38,104.89,220.75,2.89,3.91,76.91,161.86,1.24,1.67,33.59,71.98,0.62,0.83,17.34,37.84,0.69,0.88,18.10,38.83,5.69,8.73,150.23,309.55
96,99796.18,2335.57,4355.54,470.47,0.60,1.00,0.00,0.00,0.00,0.00,0.00,0.00,25.33,4.37,3.59,1.06,196.16,53.17,3.60,5.05,105.35,221.59,3.86,5.39,105.23,221.36,2.90,3.93,77.24,162.47,1.25,1.68,33.92,72.59,0.63,0.84,17.67,38.45,0.70,0.90,18.44,39.44,5.70,8.75,150.56,310.16
97,100321.89,2174.79,4132.66,245.63,0.52,1.00,0.00,0.00,0.00,0.00,0.00,0.00,31.60,1.54,2.58,1.61,184.80,131.28,3.60,5.04,105.07,221.20,3.85,5.38,104.94,220.97,2.89,3.92,76.96,162.08,1.25,1.67,33.64,72.20,0.62,0.83,17.39,38.06,0.69,0.89,18.15,39.05,5.69,8.74,150.28,309.77
98,100693.53,1885.13,4077.11,295.84,0.45,1.00,0.00,0.00,0.00,0.00,0.00,0.00,25.84,3.05,4.22,2.47,125.34,129.48,3.60,5.04,105.02,221.20,3.85,5.38,104.89,220.97,2.89,3.91,76.91,162.08,1.25,1.67,33.59,72.20,0.62,0.83,17.34,38.06,0.69,0.89,18.10,39.05,5.69,8.74,150.23,309.77
99,100950.29,2194.14,4651.62,807.89,0.55,1.00,0.00,0.00,0.00,0.00,0.00,0.00,31.20,2.76,1.86,1.98,109.00,95.85,3.61,5.07,105.52,222.26,3.86,5.41,105.39,222.03,2.90,3.94,77.40,163.14,1.26,1.70,34.08,73.26,0.63,0.86,17.83,39.12,0.70,0.91,18.60,40.11,5.70,8.76,150.73,310.83
100,100000.00,2011.13,4427.60,630.30,0.58,1.00,0.00,0.00,0.00,0.00,0.00,0.00,30.71,1.97,1.57,0.72,163.82,110.32,3.61,5.06,105.42,221.82,3.86,5.40,105.29,221.58,2.90,3.93,77.30,162.70,1.25,1.69,33.98,72.82,0.63,0.85,17.73,38.67,0.70,0.90,18.50,39.67,5.70,8.75,150.63,310.39
101,98644.09,1186.51,5177.32,779.63,0.57,1.00,0.00,0.00,0.00,0.00,0.00,0.00,22.33,5.85,5.94,1.76,125.49,35.94,3.72,5.19,107.81,227.36,3.97,5.53,107.68,227.12,3.01,4.06,79.70,168.24,1.37,1.82,36.38,78.36,0.74,0.98,20.13,44.21,0.69,0.88,17.98,38.55,5.69,8.73,150.10,309.22
102,101660.08,798.27,5003.86,535.91,0.45,1.00,0.00,0.00,0.00,0.00,0.00,0.00,10.67,2.62,1.92,1.26,156.31,108.94,3.72,5.19,107.81,227.36,3.97,5.53,107.68,227.12,3.01,4.06,79.70,168.24,1.37,1.82,36.38,78.36,0.74,0.98,20.13,44.21,0.69,0.88,17.98,38.55,5.69,8.73,150.10,309.22
103,102262.90,1024.66,4905.00,535.75,0.69,1.00,0.00,0.00,0.00,0.00,0.00,0.00,12.71,2.35,3.13,2.11,139.77,53.97,3.72,5.19,107.81,227.36,3.97,5.53,107.68,227.12,3.01,4.06,79.70,168.24,1.37,1.82,36.38,78.36,0.74,0.98,20.13,44.21,0.69,0.88,17.98,38.55,5.69,8.73,150.10,309.22
104,99170.53,1362.70,4979.25,552.70,0.58,1.00,0.00,0.00,0.00,0.00,0.00,0.00,21.60,6.36,5.84,2.08,93.02,35.02,3.72,5.19,107.81,227.36,3.97,5.53,107.68,227.12,3.01,4.06,79.70,168.24,1.37,1.82,36.38,78.36,0.74,0.98,20.13,44.21,0.69,0.88,17.98,38.55,5.69,8.73,150.10,309.22
105,100261.20,1625.19,5139.90,735.51,0.45,1.00,0.00,0.00,0.00,0.00,0.00,0.00,31.32,1.95,2.56,2.22,154.98,88.96,3.72,5.19,107.81,227.36,3.97,5.53,107.68,227.12,3.01,4.06,79.70,168.24,1.37,1.82,36.38,78.36,0.74,0.98,20.13,44.21,0.69,0.88,17.98,38.55,5.69,8.73,150.10,309.22
106,99866.50,1645.96,4805.49,490.53,0.59,1.00,0.00,0.00,0.00,0.00,0.00,0.00,30.06,2.54,1.59,0.75,126.52,102.01,3.69,5.15,107.09,225.66,3.94,5.49,106.97,225.42,2.98,4.02,78.98,166.54,1.34,1.78,35.66,76.66,0.71,0.94,19.41,42.51,0.66,0.84,17.26,36.85,5.66,8.69,149.39,307.57
107,47785.69,1468.20,4809.82,395.23,0.52,1.00,0.00,0.00,0.00,0.00,0.00,0.00,28.42,3.35,3.00,2.11,116.00,98.43,3.72,5.19,107.81,227.36,3.97,5.53,107.68,227.12,3.01,4.06,79.70,168.24,1.37,1.82,36.38,78.36,0.74,0.98,20.13,44.21,0.69,0.88,17.98,38.55,5.69,8.73,150.10,309.22
108,99032.15,793.50,1178.66,172.46,0.49,1.00,0.00,0.00,0.00,0.00,0.00,0.00,11.26,3.37,1.90,1.19,145.64,135.21,2.44,3.48,74.13,155.29,2.70,3.82,74.01,155.06,1.74,2.36,46.02,96.17,0.09,0.11,2.70,6.29,1.04,1.43,29.54,62.30,1.75,2.35,47.38,100.06,6.75,10.20,179.51,370.78
109,32384.04,792.98,900.82,225.29,0.36,1.00,0.00,0.00,0.00,0.00,0.00,0.00,8.69,1.14,0.90,0.42,214.92,95.34,2.43,3.48,73.96,154.84,2.69,3.82,73.83,154.60,1.73,2.35,45.85,95.71,0.08,0.11,2.53,5.84,0.98,1.37,27.90,58.89,1.70,2.28,45.74,96.65,6.70,10.13,177.86,367.37
110,98547.23,762.45,2106.84,481.06,0.65,1.00,0.00,0.00,0.00,0.00,0.00,0.00,25.46,6.18,4.90,2.77,184.91,84.55,3.80,5.34,111.40,233.43,4.05,5.67,111.28,233.19,3.10,4.21,83.29,174.31,1.45,1.96,39.97,84.43,0.82,1.12,23.72,50.28,0.52,0.65,13.43,27.82,5.52,8.50,145.56,298.54
111,99805.43,432.70,2292.82,314.64,0.55,1.00,0.00,0.00,0.00,0.00,0.00,0.00,13.87,1.93,2.50,2.16,138.42,87.59,3.80,5.33,111.32,233.20,4.05,5.67,111.19,232.97,3.09,4.21,83.21,174.08,1.45,1.96,39.89,84.20,0.82,1.12,23.64,50.06,0.52,0.65,13.35,27.59,5.52,8.50,145.47,298.32
112,101326.12,390.14,2041.38,245.01,0.45,1.00,0.00,0.00,0.00,0.00,0.00,0.00,11.57,1.84,1.89,1.36,135.64,80.70,3.78,5.32,110.87,232.26,4.04,5.65,110.74,232.03,3.08,4.19,82.75,173.14,1.43,1.94,39.43,83.26,0.81,1.10,23.18,49.11,0.50,0.63,12.89,26.65,5.50,8.48,145.02,297.37
113,99862.46,619.52,1984.22,396.29,0.58,1.00,0.00,0.00,0.00,0.00,0.00,0.00,22.83,6.55,7.09,2.51,122.22,85.50,3.78,5.31,110.79,232.10,4.03,5.65,110.66,231.87,3.08,4.19,82.67,172.98,1.43,1.94,39.35,83.10,0.80,1.10,23.10,48.96,0.50,0.63,12.81,26.49,5.50,8.48,144.94,297.21
114,99329.13,960.14,1633.25,533.80,0.54,1.00,0.00,0.00,0.00,0.00,0.00,0.00,11.40,5.37,4.33,4.00,121.59,76.49,3.78,5.31,110.69,231.82,4.03,5.65,110.56,231.59,3.07,4.18,82.58,172.70,1.43,1.94,39.26,82.82,0.80,1.10,23.01,48.68,0.50,0.63,12.72,26.21,5.50,8.48,144.84,296.94
115,98899.48,989.99,1372.36,383.76,0.50,1.00,0.00,0.00,0.00,0.00,0.00,0.00,10.89,0.97,1.01,0.38,181.08,73.67,3.78,5.30,110.61,231.68,4.03,5.64,110.49,231.45,3.07,4.18,82.50,172.56,1.42,1.93,39.18,82.68,0.80,1.09,22.93,48.53,0.49,0.62,12.64,26.07,5.49,8.47,144.77,296.79
116,102030.99,569.87,1657.39,392.16,0.59,1.00,0.00,0.00,0.00,0.00,0.00,0.00,10.94,2.58,1.72,2.16,142.15,122.12,3.78,5.31,110.71,231.94,4.03,5.65,110.58,231.71,3.07,4.18,82.60,172.82,1.43,1.94,39.28,82.94,0.80,1.10,23.03,48.80,0.50,0.63,12.74,26.33,5.50,8.48,144.86,297.06
117,52200.24,766.65,1785.91,584.49,0.52,1.00,0.00,0.00,0.00,0.00,0.00,0.00,11.08,4.01,4.10,3.79,192.53,141.14,3.78,5.31,110.69,231.90,4.03,5.65,110.56,231.67,3.07,4.18,82.58,172.78,1.43,1.94,39.26,82.90,0.80,1.10,23.01,48.76,0.50,0.63,12.72,26.29,5.50,8.48,144.84,297.02
118,98135.98,985.88,969.83,113.29,0.36,0.00,1.00,0.00,0.00,0.00,0.00,0.00,12.44,4.22,2.50,2.81,190.46,92.19,3.96,5.54,115.69,243.15,4.21,5.88,115.56,242.91,3.25,4.42,87.58,184.02,1.61,2.17,44.26,94.14,0.98,1.33,28.01,60.00,0.26,0.33,6.38,12.89,5.17,8.08,136.10,279.30
119,100193.67,532.79,1191.93,184.66,0.24,0.00,1.00,0.00,0.00,0.00,0.00,0.00,11.94,1.73,1.63,1.58,147.78,68.77,3.98,5.56,115.98,243.80,4.23,5.90,115.86,243.56,3.27,4.44,87.87,184.67,1.63,2.19,44.55,94.79,1.00,1.35,28.30,60.65,0.26,0.33,6.35,13.00,5.20,8.11,136.71,280.51
120,102712.83,224.73,931.42,320.62,0.35,0.00,1.00,0.00,0.00,0.00,0.00,0.00,15.68,4.58,3.50,2.26,102.46,46.02,3.97,5.56,115.88,243.51,4.22,5.89,115.75,243.28,3.26,4.43,87.77,184.39,1.62,2.18,44.45,94.51,0.99,1.34,28.20,60.37,0.26,0.33,6.37,12.76,5.19,8.11,136.61,280.22
121,66089.08,446.16,4430.75,169.76,0.22,0.00,1.00,0.00,0.00,0.00,0.00,0.00,10.82,0.98,0.65,0.33,208.54,109.07,3.98,5.57,116.16,244.07,4.23,5.91,116.03,243.84,3.28,4.44,88.05,184.95,1.63,2.20,44.73,95.07,1.00,1.36,28.48,60.93,0.22,0.28,5.46,11.20,5.21,8.12,136.94,281.12
122,99536.93,560.71,1472.52,358.43,0.56,0.00,1.00,0.00,0.00,0.00,0.00,0.00,4.53,1.33,1.24,0.96,155.12,68.26,3.55,4.99,104.02,218.62,3.80,5.33,103.89,218.38,2.84,3.86,75.90,159.49,1.19,1.62,32.58,69.62,0.57,0.77,16.33,35.47,0.65,0.85,17.10,36.46,5.65,8.70,149.23,307.19
123,19141.69,411.32,1171.28,381.18,0.34,0.00,1.00,0.00,0.00,0.00,0.00,0.00,6.90,1.70,1.68,0.65,236.54,42.67,3.54,4.98,103.90,218.09,3.79,5.32,103.77,217.85,2.83,3.85,75.78,158.96,1.19,1.61,32.46,69.09,0.56,0.76,16.21,34.94,0.64,0.84,16.98,35.93,5.64,8.69,149.11,306.66
124,99739.85,561.81,1048.35,1690.68,0.37,1.00,0.00,0.00,0.00,0.00,0.00,0.00,10.14,5.67,3.76,2.22,102.14,74.69,2.42,3.46,73.42,153.82,2.68,3.80,73.29,153.58,1.72,2.33,45.31,94.70,0.07,0.09,1.99,4.82,1.02,1.41,28.83,60.83,1.73,2.32,46.67,98.59,6.73,10.17,178.80,369.31
125,100187.27,1022.20,1305.86,262.93,0.42,1.00,0.00,0.00,0.00,0.00,0.00,0.00,17.00,5.48,4.87,2.26,157.28,92.57,2.40,3.44,72.93,152.72,2.66,3.78,72.80,152.48,1.70,2.31,44.82,93.60,0.05,0.07,1.50,3.72,1.02,1.41,28.91,60.84,1.73,2.32,46.75,98.60,6.73,10.17,178.88,369.32
126,101813.61,311.91,1884.28,982.54,0.24,0.43,0.57,0.00,0.00,0.00,0.00,0.00,11.72,3.03,2.75,1.17,138.14,113.29,2.45,3.50,74.33,155.86,2.70,3.84,74.20,155.63,1.74,2.37,46.21,96.74,0.10,0.13,2.89,6.86,1.04,1.45,29.73,62.87,1.76,2.36,47.57,100.63,6.76,10.21,179.70,371.35
127,97722.67,772.55,1566.61,545.53,0.54,1.00,0.00,0.00,0.00,0.00,0.00,0.00,10.39,3.79,3.11,2.46,161.28,82.66,2.43,3.47,73.84,154.71,2.69,3.81,73.71,154.47,1.73,2.35,45.72,95.59,0.08,0.10,2.41,5.71,1.03,1.42,29.25,61.72,1.74,2.34,47.09,99.48,6.74,10.19,179.21,370.20
128,82573.48,1367.42,1654.50,376.01,0.38,1.00,0.00,0.00,0.00,0.00,0.00,0.00,20.62,6.28,3.94,1.65,114.46,73.40,2.40,3.44,72.89,152.67,2.66,3.78,72.76,152.44,1.70,2.31,44.77,93.55,0.05,0.07,1.46,3.67,1.02,1.41,28.94,60.93,1.73,2.32,46.78,98.69,6.73,10.17,178.90,369.41
129,100069.75,385.73,3904.92,434.47,0.61,1.00,0.00,0.00,0.00,0.00,0.00,0.00,30.09,1.88,4.75,2.54,207.96,119.44,3.62,5.09,106.00,222.80,3.87,5.43,105.88,222.56,2.91,3.96,77.89,163.67,1.27,1.72,34.57,73.79,0.64,0.88,18.32,39.65,0.71,0.93,19.09,40.64,5.71,8.78,150.75,310.58
130,100641.38,171.17,3884.46,563.47,0.57,1.00,0.00,0.00,0.00,0.00,0.00,0.00,18.60,6.37,4.72,2.72,144.80,67.63,3.61,5.08,105.79,222.38,3.86,5.42,105.66,222.14,2.91,3.95,77.68,163.26,1.26,1.71,34.36,73.38,0.63,0.87,18.11,39.23,0.71,0.92,18.87,40.23,5.71,8.77,150.96,310.95
131,101269.03,956.69,3222.81,326.60,0.39,1.00,0.00,0.00,0.00,0.00,0.00,0.00,17.62,5.53,5.25,2.18,121.80,22.68,3.61,5.06,105.43,221.83,3.86,5.40,105.31,221.60,2.90,3.93,77.32,162.71,1.25,1.69,34.00,72.83,0.63,0.85,17.75,38.68,0.70,0.90,18.52,39.68,5.70,8.75,150.64,310.40
132,101090.96,388.40,3442.82,367.11,0.47,1.00,0.00,0.00,0.00,0.00,0.00,0.00,9.93,3.69,3.05,2.83,108.27,58.35,3.60,5.05,105.35,221.59,3.86,5.39,105.23,221.36,2.90,3.93,77.24,162.47,1.25,1.68,33.92,72.59,0.63,0.84,17.67,38.45,0.70,0.90,18.44,39.44,5.70,8.75,150.56,310.16
133,97075.38,619.55,3384.19,184.62,0.43,1.00,0.00,0.00,0.00,0.00,0.00,0.00,11.56,5.26,3.14,2.89,162.61,113.11,3.61,5.08,105.70,222.34,3.86,5.42,105.57,222.10,2.91,3.95,77.59,163.21,1.26,1.71,34.27,73.34,0.63,0.86,18.02,39.19,0.71,0.92,18.78,40.18,5.71,8.77,150.91,310.91
134,98546.62,1852.18,3368.99,552.96,0.37,0.39,0.61,0.00,0.00,0.00,0.00,0.00,9.27,1.91,1.54,0.83,156.04,105.24,3.62,5.09,106.02,222.84,3.87,5.43,105.90,222.60,2.91,3.96,77.91,163.72,1.27,1.72,34.59,73.84,0.64,0.88,18.34,39.69,0.71,0.93,19.11,40.69,5.71,8.78,150.74,310.54
135,102730.18,2185.86,3222.39,346.59,0.45,0.00,1.00,0.00,0.00,0.00,0.00,0.00,8.95,1.15,0.94,0.43,153.54,121.10,3.61,5.08,105.81,222.42,3.87,5.42,105.68,222.19,2.91,3.95,77.70,163.30,1.26,1.71,34.38,73.42,0.64,0.87,18.13,39.27,0.71,0.93,18.89,40.27,5.71,8.78,150.93,310.94
136,100980.51,1997.21,2919.80,261.84,0.60,0.64,0.36,0.00,0.00,0.00,0.00,0.00,14.37,6.33,4.72,2.26,259.85,98.97,3.60,5.06,105.40,221.59,3.86,5.40,105.27,221.36,2.90,3.93,77.28,162.47,1.25,1.69,33.96,72.59,0.63,0.84,17.71,38.45,0.70,0.90,18.48,39.44,5.70,8.75,150.61,310.16
137,102641.87,1671.95,3086.00,570.71,0.31,0.51,0.49,0.00,0.00,0.00,0.00,0.00,18.00,6.86,2.70,2.38,189.71,103.40,3.60,5.06,105.40,221.69,3.86,5.40,105.27,221.45,2.90,3.93,77.28,162.57,1.25,1.69,33.96,72.69,0.63,0.84,17.71,38.54,0.70,0.90,18.48,39.54,5.70,8.75,150.61,310.26
138,99005.83,554.39,2501.05,184.83,0.37,0.00,1.00,0.00,0.00,0.00,0.00,0.00,9.15,0.85,0.59,0.31,166.87,72.85,2.47,3.51,74.88,156.84,2.72,3.85,74.75,156.61,1.76,2.39,46.77,97.72,0.11,0.14,3.45,7.84,1.06,1.46,30.29,63.85,1.77,2.38,48.13,101.61,6.77,10.23,180.26,372.33
139,100104.15,917.77,2372.74,259.20,0.43,0.00,1.00,0.00,0.00,0.00,0.00,0.00,8.82,0.98,0.64,0.27,221.08,81.95,2.46,3.51,74.80,156.63,2.72,3.85,74.68,156.40,1.76,2.38,46.69,97.51,0.11,0.14,3.37,7.63,1.06,1.46,30.21,63.64,1.77,2.37,48.05,101.40,6.77,10.22,180.18,372.12
140,102604.09,653.36,2066.86,178.39,0.47,0.00,1.00,0.00,0.00,0.00,0.00,0.00,9.62,1.45,1.37,1.44,140.63,67.37,2.51,3.55,75.69,158.98,2.76,3.89,75.56,158.74,1.80,2.42,47.58,99.85,0.15,0.18,4.26,9.98,1.10,1.50,31.10,65.99,1.81,2.41,48.94,103.75,6.81,10.26,181.06,374.47
141,91191.04,836.14,1722.62,312.51,0.54,0.00,1.00,0.00,0.00,0.00,0.00,0.00,11.95,3.24,1.99,1.42,143.89,85.55,2.51,3.57,75.54,158.55,2.77,3.91,75.41,158.32,1.81,2.44,47.43,99.43,0.16,0.20,4.11,9.55,1.02,1.40,28.09,59.71,1.73,2.32,45.93,97.47,6.73,10.17,178.06,368.19
142,100216.69,192.98,1717.06,919.33,0.49,0.00,1.00,0.00,0.00,0.00,0.00,0.00,9.25,3.23,2.68,1.32,150.59,119.07,1.81,2.59,53.99,113.90,2.06,2.93,53.87,113.66,1.10,1.46,25.88,54.77,0.62,0.87,18.69,40.11,1.69,2.34,49.17,104.32,2.40,3.26,67.01,142.08,7.40,11.11,199.14,412.80
143,100555.45,301.50,2049.93,862.63,0.46,0.00,1.00,0.00,0.00,0.00,0.00,0.00,8.40,2.65,1.95,1.43,164.58,48.36,1.82,2.60,54.39,114.62,2.08,2.94,54.26,114.39,1.12,1.48,26.28,55.50,0.64,0.88,19.08,40.84,1.71,2.36,49.57,105.05,2.42,3.27,67.41,142.81,7.42,11.12,199.54,413.53
144,52311.88,472.69,2039.58,807.40,0.66,0.00,1.00,0.00,0.00,0.00,0.00,0.00,6.46,1.22,0.96,0.67,235.21,74.10,1.83,2.62,54.63,115.25,2.09,2.96,54.51,115.02,1.13,1.49,26.52,56.13,0.65,0.90,19.33,41.47,1.72,2.37,49.81,105.68,2.43,3.29,67.65,143.44,7.43,11.14,199.78,414.16
145,101073.53,731.55,5669.19,599.73,0.54,1.00,0.00,0.00,0.00,0.00,0.00,0.00,27.50,2.92,2.37,0.61,252.09,19.83,3.74,5.23,108.60,228.91,4.00,5.57,108.48,228.67,3.04,4.10,80.49,169.78,1.39,1.86,37.17,79.91,0.77,1.02,20.92,45.76,0.71,0.92,18.77,40.10,5.71,8.77,149.52,307.60
146,100000.00,989.53,5631.10,829.47,0.58,1.00,0.00,0.00,0.00,0.00,0.00,0.00,30.22,2.94,3.40,1.95,115.57,123.13,3.74,5.23,108.60,228.91,4.00,5.57,108.48,228.67,3.04,4.10,80.49,169.78,1.39,1.86,37.17,79.91,0.77,1.02,20.92,45.76,0.71,0.92,18.77,40.10,5.71,8.77,149.52,307.60
147,99821.03,870.55,6022.80,974.04,0.54,1.00,0.00,0.00,0.00,0.00,0.00,0.00,26.00,1.24,1.81,1.13,175.70,87.38,3.75,5.25,108.86,229.41,4.00,5.59,108.74,229.17,3.04,4.12,80.75,170.29,1.40,1.88,37.43,80.41,0.77,1.03,21.18,46.26,0.72,0.94,19.03,40.60,5.72,8.79,149.28,307.09
148,100420.69,1149.59,6047.52,733.10,0.49,1.00,0.00,0.00,0.00,0.00,0.00,0.00,26.77,5.01,3.33,0.95,226.56,29.96,3.74,5.23,108.60,228.91,4.00,5.57,108.48,228.67,3.04,4.10,80.49,169.78,1.39,1.86,37.17,79.91,0.77,1.02,20.92,45.76,0.71,0.92,18.77,40.10,5.71,8.77,149.52,307.60
149,102996.69,1310.48,5903.93,722.73,0.52,1.00,0.00,0.00,0.00,0.00,0.00,0.00,25.64,4.73,2.89,1.51,178.19,76.26,3.74,5.23,108.60,228.91,4.00,5.57,108.48,228.67,3.04,4.10,80.49,169.78,1.39,1.86,37.17,79.91,0.77,1.02,20.92,45.76,0.71,0.92,18.77,40.10,5.71,8.77,149.52,307.60
150,96268.08,1080.54,6334.76,673.21,0.57,1.00,0.00,0.00,0.00,0.00,0.00,0.00,20.27,4.15,3.81,1.61,187.64,108.91,3.75,5.25,108.86,229.41,4.00,5.59,108.74,229.17,3.04,4.12,80.75,170.29,1.40,1.88,37.43,80.41,0.77,1.03,21.18,46.26,0.72,0.94,19.03,40.60,5.72,8.79,149.28,307.09
151,101744.17,705.38,6576.59,627.73,0.55,1.00,0.00,0.00,0.00,0.00,0.00,0.00,29.36,4.55,5.66,2.22,59.93,24.43,3.77,5.27,109.25,230.95,4.02,5.61,109.12,230.71,3.07,4.15,81.14,171.82,1.42,1.90,37.82,81.95,0.79,1.06,21.57,47.80,0.74,0.97,19.42,42.14,5.74,8.82,148.53,306.25
152,99853.07,215.01,6916.03,859.26,0.63,1.00,0.00,0.00,0.00,0.00,0.00,0.00,42.25,1.79,2.68,1.19,192.25,112.97,3.78,5.29,109.44,231.57,4.03,5.63,109.32,231.34,3.07,4.16,81.33,172.45,1.43,1.92,38.01,82.57,0.80,1.07,21.76,48.42,0.75,0.98,19.61,42.77,5.74,8.83,148.27,305.79
153,99780.81,376.85,7066.60,585.47,0.65,1.00,0.00,0.00,0.00,0.00,0.00,0.00,37.38,3.74,2.73,1.33,85.29,42.63,3.78,5.29,109.48,231.66,4.03,5.63,109.36,231.42,3.07,4.16,81.37,172.53,1.43,1.92,38.05,82.66,0.80,1.08,21.80,48.51,0.75,0.98,19.65,42.85,5.73,8.83,148.23,305.71
154,100898.31,521.36,6778.80,636.13,0.47,1.00,0.00,0.00,0.00,0.00,0.00,0.00,38.43,4.04,3.50,1.55,127.90,88.49,3.77,5.28,109.25,231.02,4.03,5.61,109.12,230.78,3.07,4.15,81.14,171.89,1.42,1.90,37.82,82.02,0.80,1.06,21.57,47.87,0.74,0.97,19.42,42.21,5.74,8.82,148.48,306.25
155,98623.49,932.91,5040.29,924.80,0.61,1.00,0.00,0.00,0.00,0.00,0.00,0.00,18.08,4.84,3.63,1.47,110.96,49.77,3.73,5.22,108.30,228.34,3.99,5.56,108.17,228.11,3.03,4.09,80.18,169.22,1.38,1.84,36.86,79.34,0.76,1.00,20.61,45.19,0.70,0.91,18.46,39.53,5.70,8.76,149.79,308.25
156,99135.52,876.24,5301.37,658.34,0.46,1.00,0.00,0.00,0.00,0.00,0.00,0.00,21.88,6.75,5.69,2.42,101.18,51.57,3.74,5.22,108.42,228.63,3.99,5.56,108.30,228.40,3.03,4.10,80.31,169.51,1.39,1.85,36.99,79.63,0.76,1.01,20.74,45.49,0.71,0.92,18.59,39.83,5.71,8.77,149.65,307.97
157,100000.00,1193.88,5408.15,978.14,0.58,1.00,0.00,0.00,0.00,0.00,0.00,0.00,20.56,6.00,4.79,2.59,184.61,139.27,3.74,5.22,108.42,228.63,3.99,5.56,108.30,228.40,3.03,4.10,80.31,169.51,1.39,1.85,36.99,79.63,0.76,1.01,20.74,45.49,0.71,0.92,18.59,39.83,5.71,8.77,149.65,307.97
158,100000.00,1330.18,5185.31,1036.83,0.51,1.00,0.00,0.00,0.00,0.00,0.00,0.00,22.89,4.18,4.84,1.61,184.44,139.38,3.73,5.22,108.35,228.56,3.99,5.56,108.22,228.32,3.03,4.09,80.23,169.43,1.38,1.85,36.92,79.55,0.76,1.01,20.66,45.41,0.70,0.91,18.52,39.75,5.70,8.76,149.67,308.14
159,100219.71,1369.28,4954.50,808.16,0.53,1.00,0.00,0.00,0.00,0.00,0.00,0.00,13.56,2.06,2.58,1.46,185.48,127.26,3.73,5.21,108.28,228.21,3.98,5.55,108.15,227.97,3.03,4.09,80.16,169.08,1.38,1.84,36.84,79.21,0.75,1.00,20.59,45.06,0.70,0.91,18.44,39.40,5.70,8.76,149.86,308.29
160,99826.78,1644.56,5365.76,693.93,0.61,1.00,0.00,0.00,0.00,0.00,0.00,0.00,22.11,5.32,5.33,2.39,215.58,26.49,3.74,5.22,108.42,228.63,3.99,5.56,108.30,228.40,3.03,4.10,80.31,169.51,1.39,1.85,36.99,79.63,0.76,1.01,20.74,45.49,0.71,0.92,18.59,39.83,5.71,8.77,149.65,307.97
161,102390.46,1636.44,5743.79,881.52,0.65,1.00,0.00,0.00,0.00,0.00,0.00,0.00,25.38,4.58,4.63,2.21,161.33,124.76,3.74,5.23,108.60,228.91,4.00,5.57,108.48,228.67,3.04,4.10,80.49,169.78,1.39,1.86,37.17,79.91,0.77,1.02,20.92,45.76,0.71,0.92,18.77,40.10,5.71,8.77,149.52,307.60
162,100000.00,1392.33,5608.07,1151.43,0.51,1.00,0.00,0.00,0.00,0.00,0.00,0.00,23.08,6.88,4.65,1.83,138.54,90.26,3.74,5.23,108.60,228.91,4.00,5.57,108.48,228.67,3.04,4.10,80.49,169.78,1.39,1.86,37.17,79.91,0.77,1.02,20.92,45.76,0.71,0.92,18.77,40.10,5.71,8.77,149.52,307.60
163,100742.10,1955.82,4735.42,917.75,0.60,1.00,0.00,0.00,0.00,0.00,0.00,0.00,17.50,3.60,3.54,2.49,116.15,74.33,3.73,5.20,108.01,228.07,3.98,5.54,107.89,227.84,3.02,4.08,79.90,168.95,1.38,1.83,36.58,79.07,0.75,0.99,20.33,44.92,0.70,0.90,18.18,39.26,5.70,8.75,149.93,308.83
164,100623.23,1737.80,5061.18,665.16,0.58,1.00,0.00,0.00,0.00,0.00,0.00,0.00,29.00,4.27,3.58,1.23,237.89,107.30,3.73,5.22,108.35,228.56,3.99,5.56,108.22,228.32,3.03,4.09,80.23,169.43,1.38,1.85,36.92,79.55,0.76,1.01,20.66,45.41,0.70,0.91,18.52,39.75,5.70,8.76,149.67,308.14
165,59063.43,1679.71,4793.70,747.78,0.59,1.00,0.00,0.00,0.00,0.00,0.00,0.00,18.80,5.33,4.80,2.23,212.01,120.45,3.73,5.21,108.16,228.12,3.98,5.55,108.03,227.89,3.02,4.08,80.04,169.00,1.38,1.84,36.72,79.12,0.75,1.00,20.47,44.97,0.70,0.90,18.32,39.31,5.70,8.75,149.91,308.52
166,102669.69,285.53,1813.82,211.83,0.51,1.00,0.00,0.00,0.00,0.00,0.00,0.00,9.96,1.08,1.05,0.37,214.68,105.75,3.64,5.10,106.48,223.47,3.90,5.44,106.35,223.24,2.94,3.97,78.37,164.35,1.29,1.73,35.05,74.47,0.67,0.89,18.80,40.33,0.61,0.79,16.43,34.67,5.61,8.64,148.56,305.39
167,102858.43,647.95,2375.11,447.83,0.66,1.00,0.00,0.00,0.00,0.00,0.00,0.00,15.47,7.11,4.32,3.55,132.76,134.30,3.65,5.11,106.53,223.68,3.90,5.44,106.41,223.44,2.94,3.98,78.42,164.55,1.29,1.73,35.10,74.68,0.67,0.89,18.85,40.53,0.62,0.80,16.51,34.87,5.61,8.65,148.63,305.59
168,99365.52,369.70,2311.53,270.60,0.42,1.00,0.00,0.00,0.00,0.00,0.00,0.00,10.25,1.67,1.69,1.39,167.80,127.07,3.65,5.11,106.53,223.68,3.90,5.44,106.41,223.44,2.94,3.98,78.42,164.55,1.29,1.73,35.10,74.68,0.67,0.89,18.85,40.53,0.62,0.80,16.51,34.87,5.61,8.65,148.63,305.59
169,99946.58,438.54,6114.86,961.85,0.35,1.00,0.00,0.00,0.00,0.00,0.00,0.00,23.83,6.06,5.54,3.31,147.74,101.28,3.67,5.17,107.27,226.10,3.92,5.51,107.15,225.87,2.96,4.04,79.16,166.98,1.32,1.80,35.84,77.10,0.69,0.95,19.59,42.95,0.76,1.01,20.36,43.95,5.76,8.86,149.30,307.63
170,71269.58,306.27,5923.75,1191.67,0.44,1.00,0.00,0.00,0.00,0.00,0.00,0.00,18.89,4.11,3.33,1.70,197.67,106.90,3.67,5.15,107.04,225.78,3.92,5.49,106.92,225.54,2.96,4.03,78.93,166.66,1.32,1.78,35.61,76.78,0.69,0.94,19.36,42.63,0.76,1.00,20.13,43.63,5.76,8.85,149.47,308.09
171,97496.98,186.78,3191.38,388.08,0.36,1.00,0.00,0.00,0.00,0.00,0.00,0.00,13.53,6.69,6.03,4.00,142.05,105.71,2.37,3.39,71.70,150.49,2.63,3.73,71.57,150.25,1.67,2.27,43.58,91.37,0.19,0.23,4.69,10.26,1.26,1.71,35.18,74.46,1.97,2.62,53.02,112.22,6.97,10.47,185.14,382.95
172,64450.88,284.86,3108.18,663.42,0.72,1.00,0.00,0.00,0.00,0.00,0.00,0.00,6.64,1.29,2.46,2.40,162.63,95.52,2.38,3.40,71.87,150.60,2.63,3.74,71.74,150.36,1.67,2.27,43.75,91.47,0.19,0.24,4.86,10.37,1.26,1.71,35.35,74.57,1.97,2.63,53.19,112.33,6.97,10.48,185.31,383.05
173,101990.00,170.33,3287.92,402.81,0.58,1.00,0.00,0.00,0.00,0.00,0.00,0.00,12.86,2.92,3.60,2.63,189.18,100.78,2.36,3.37,71.24,149.24,2.62,3.71,71.11,149.01,1.66,2.24,43.12,90.12,0.18,0.21,4.23,9.01,1.25,1.69,34.72,73.22,1.96,2.60,52.56,110.98,6.96,10.45,184.68,381.70
174,101097.54,164.50,3245.57,327.06,0.54,1.00,0.00,0.00,0.00,0.00,0.00,0.00,13.43,5.09,4.59,1.69,155.28,125.93,2.36,3.36,71.16,148.86,2.61,3.70,71.03,148.63,1.65,2.23,43.05,89.74,0.17,0.20,4.15,8.63,1.24,1.67,34.64,72.84,1.95,2.59,52.48,110.60,6.95,10.44,184.61,381.32
175,101672.21,303.55,5310.23,4416.79,0.53,0.00,0.00,0.00,0.00,1.00,0.00,0.00,33.20,6.28,6.70,2.52,63.47,74.23,0.54,0.76,14.27,30.26,0.92,1.34,21.30,45.84,1.86,2.62,50.01,107.59,2.89,4.14,84.94,182.37,3.96,5.62,115.43,246.58,4.68,6.53,133.27,284.33,9.68,14.38,265.40,555.06
176,99354.46,474.09,5547.81,2102.01,0.60,0.00,0.00,0.00,0.00,1.00,0.00,0.00,42.36,4.40,4.65,1.54,207.87,96.81,0.53,0.76,14.12,30.16,0.91,1.34,21.14,45.74,1.85,2.62,49.86,107.48,2.89,4.14,84.78,182.27,3.96,5.61,115.27,246.47,4.67,6.53,133.11,284.23,9.67,14.38,265.24,554.95
177,98516.95,140.04,5825.43,1853.18,0.59,0.00,0.00,0.00,0.00,1.00,0.00,0.00,30.77,3.38,4.47,1.30,284.24,37.82,0.48,0.69,13.27,28.06,0.92,1.34,21.49,46.23,1.80,2.55,49.01,105.38,2.83,4.06,83.93,180.17,3.90,5.54,114.42,244.37,4.62,6.45,132.26,282.13,9.62,14.30,264.39,552.86
178,99346.16,187.56,5446.58,2268.87,0.54,0.00,0.00,0.00,0.00,1.00,0.00,0.00,38.93,2.26,2.54,1.92,147.03,69.57,0.53,0.76,14.07,30.16,0.91,1.33,21.10,45.74,1.85,2.62,49.81,107.48,2.89,4.13,84.74,182.27,3.96,5.61,115.23,246.47,4.67,6.52,133.07,284.23,9.67,14.37,265.20,554.95
179,71438.15,361.13,5688.62,2033.72,0.49,0.00,0.00,0.00,0.00,1.00,0.00,0.00,36.31,1.16,1.65,0.87,214.96,130.28,0.52,0.73,13.86,29.62,0.90,1.31,20.88,45.20,1.83,2.59,49.60,106.94,2.87,4.11,84.53,181.73,3.94,5.58,115.02,245.93,4.65,6.50,132.86,283.69,9.65,14.35,264.98,554.41
180,36092.81,171.61,629.37,2049.35,0.41,0.00,1.00,0.00,0.00,0.00,0.00,0.00,7.17,2.07,1.61,0.78,193.29,75.91,2.95,4.21,88.57,185.40,3.20,4.55,88.44,185.16,2.25,3.08,60.45,126.28,0.60,0.84,17.14,36.40,0.51,0.70,15.34,31.92,1.22,1.61,33.18,69.67,6.22,9.46,165.30,340.40
181,84173.20,687.94,590.54,1190.19,0.54,0.00,1.00,0.00,0.00,0.00,0.00,0.00,8.11,1.15,1.12,0.41,193.54,105.66,2.98,4.24,88.75,185.60,3.24,4.58,88.63,185.37,2.28,3.11,60.64,126.48,0.63,0.87,17.32,36.60,0.49,0.68,14.43,30.75,1.20,1.59,32.27,68.51,6.20,9.44,164.39,339.23
182,47517.52,410.15,3263.10,638.34,0.49,0.00,1.00,0.00,0.00,0.00,0.00,0.00,11.42,0.95,0.83,0.32,175.53,104.29,2.95,4.19,87.77,183.78,3.20,4.53,87.65,183.55,2.24,3.07,59.66,124.66,0.60,0.82,16.34,34.78,0.49,0.67,14.40,30.64,1.20,1.59,32.23,68.40,6.20,9.44,164.36,339.12
183,43894.15,587.24,3702.91,155.89,0.22,0.00,1.00,0.00,0.00,0.00,0.00,0.00,6.41,1.24,0.84,0.41,109.26,86.42,2.96,4.21,88.22,184.19,3.21,4.55,88.09,183.96,2.25,3.08,60.11,125.07,0.61,0.84,16.79,35.19,0.51,0.71,15.31,32.19,1.23,1.62,33.15,69.95,6.23,9.48,165.28,340.67
184,59843.68,109.25,204.75,579.83,0.24,0.71,0.29,0.00,0.00,0.00,0.00,0.00,9.40,1.69,1.96,1.35,193.61,93.67,4.06,5.69,118.80,250.18,4.32,6.03,118.67,249.95,3.36,4.56,90.68,191.06,1.71,2.32,47.36,101.18,1.09,1.48,31.11,67.04,0.36,0.48,9.48,19.93,5.06,7.94,133.11,272.17
185,90793.34,1763.93,18992.23,193.23,0.67,1.00,0.00,0.00,0.00,0.00,0.00,0.00,36.68,5.67,5.94,1.88,196.42,98.88,0.94,1.33,25.04,52.68,1.49,2.13,35.29,75.35,2.26,3.19,60.78,130.00,3.30,4.71,95.71,204.79,4.36,6.19,126.20,268.99,5.08,7.10,144.04,306.75,10.08,14.95,276.16,577.47
186,23382.10,85.91,17864.29,177.50,0.52,1.00,0.00,0.00,0.00,0.00,0.00,0.00,15.33,2.00,1.80,1.40,139.58,76.35,0.97,1.36,25.52,53.46,1.52,2.16,35.77,76.13,2.28,3.22,61.26,130.79,3.32,4.74,96.19,205.57,4.39,6.21,126.67,269.78,5.10,7.13,144.51,307.54,10.10,14.98,276.64,578.26
187,23393.89,144.40,170.59,839.21,0.59,0.00,1.00,0.00,0.00,0.00,0.00,0.00,12.62,0.99,0.96,0.54,133.87,36.70,3.90,5.48,114.40,240.16,4.15,5.82,114.28,239.92,3.19,4.35,86.29,181.03,1.55,2.11,42.97,91.15,0.92,1.27,26.72,57.01,0.30,0.39,7.17,15.13,5.23,8.15,137.43,282.26
188,61944.31,471.65,198.73,1096.47,0.70,0.00,1.00,0.00,0.00,0.00,0.00,0.00,12.14,2.75,1.93,0.59,233.50,92.60,3.90,5.47,114.24,239.84,4.15,5.81,114.11,239.60,3.19,4.35,86.13,180.71,1.54,2.10,42.81,90.84,0.92,1.26,26.56,56.69,0.30,0.39,7.33,15.46,5.23,8.15,137.59,282.58
189,17041.70,67.69,552.66,706.36,0.54,1.00,0.00,0.00,0.00,0.00,0.00,0.00,10.11,1.66,1.47,0.67,96.36,106.99,4.10,5.74,119.24,250.89,4.35,6.08,119.12,250.66,3.39,4.61,91.13,191.77,1.75,2.37,47.81,101.89,1.12,1.53,31.56,67.75,0.28,0.36,6.69,13.37,5.33,8.21,139.26,284.09
190,41943.49,295.41,270.20,572.39,0.66,1.00,0.00,0.00,0.00,0.00,0.00,0.00,8.62,1.64,1.44,0.65,136.72,53.85,4.11,5.74,119.46,251.38,4.37,6.08,119.34,251.14,3.41,4.62,91.35,192.26,1.76,2.37,48.03,102.38,1.14,1.53,31.78,68.23,0.29,0.37,6.98,14.03,5.34,8.22,139.56,284.75
191,49683.52,1509.19,213.49,184.13,0.54,1.00,0.00,0.00,0.00,0.00,0.00,0.00,6.14,0.99,0.79,0.22,93.34,120.57,3.68,5.19,107.98,226.49,3.93,5.53,107.86,226.25,2.98,4.06,79.87,167.37,1.33,1.82,36.55,77.49,0.70,0.98,20.30,43.34,0.45,0.58,11.80,24.36,5.45,8.43,143.93,295.09
192,95257.53,458.58,170.42,172.54,0.41,1.00,0.00,0.00,0.00,0.00,0.00,0.00,11.45,3.09,2.43,1.15,148.94,112.41,3.68,5.15,106.83,224.57,3.94,5.49,106.70,224.33,2.98,4.03,78.71,165.45,1.33,1.78,35.39,75.57,0.71,0.94,19.14,41.42,0.65,0.84,16.78,35.76,5.65,8.69,148.91,306.48
193,38931.52,754.35,512.33,126.44,0.30,1.00,0.00,0.00,0.00,0.00,0.00,0.00,6.93,2.12,1.21,0.68,174.49,125.49,3.76,5.28,110.07,230.55,4.01,5.62,109.94,230.32,3.05,4.15,81.96,171.43,1.40,1.91,38.64,81.55,0.78,1.07,22.39,47.41,0.47,0.60,12.10,24.94,5.47,8.45,144.22,295.67
194,24051.11,121.04,3123.13,342.01,0.17,1.00,0.00,0.00,0.00,0.00,0.00,0.00,9.67,0.94,0.80,0.33,209.77,114.21,2.50,3.54,75.60,158.70,2.75,3.88,75.47,158.46,1.79,2.42,47.49,99.57,0.14,0.17,4.17,9.70,1.09,1.49,31.01,65.71,1.80,2.41,48.85,103.46,6.80,10.26,180.98,374.19
195,33287.38,69.18,2820.50,154.84,0.39,1.00,0.00,0.00,0.00,0.00,0.00,0.00,10.56,0.83,1.01,0.54,177.42,150.11,2.49,3.54,75.57,158.45,2.75,3.88,75.45,158.21,1.79,2.41,47.46,99.32,0.14,0.17,4.14,9.45,1.09,1.49,30.98,65.46,1.80,2.40,48.82,103.22,6.80,10.25,180.95,373.94
196,18309.31,293.13,402.17,442.66,0.62,1.00,0.00,0.00,0.00,0.00,0.00,0.00,15.43,4.81,6.30,2.62,294.79,40.65,3.96,5.54,115.61,242.94,4.21,5.88,115.49,242.70,3.25,4.41,87.50,183.82,1.60,2.17,44.18,93.94,0.98,1.33,27.93,59.79,0.26,0.33,6.30,12.68,5.17,8.08,136.22,279.46
197,27626.13,135.66,823.52,913.13,0.56,1.00,0.00,0.00,0.00,0.00,0.00,0.00,8.62,1.41,0.90,0.34,249.08,107.22,4.09,5.71,119.31,251.38,4.34,6.05,119.18,251.14,3.38,4.58,91.20,192.25,1.74,2.34,47.88,102.38,1.11,1.50,31.63,68.23,0.39,0.50,10.00,21.12,5.04,7.91,132.58,270.97
198,51381.88,117.36,1258.48,127.94,0.48,0.00,1.00,0.00,0.00,0.00,0.00,0.00,3.38,1.39,1.36,0.59,147.05,51.05,3.19,4.51,94.54,198.06,3.44,4.85,94.42,197.82,2.48,3.38,66.43,138.93,0.83,1.14,23.11,49.06,0.33,0.44,9.48,20.13,0.98,1.29,25.87,54.77,5.98,9.14,158.00,325.49
199,23766.87,88.61,1033.63,142.21,0.34,0.00,1.00,0.00,0.00,0.00,0.00,0.00,3.60,2.11,1.81,0.88,186.10,134.91,3.20,4.53,94.85,198.68,3.46,4.87,94.73,198.44,2.50,3.40,66.74,139.55,0.85,1.16,23.42,49.68,0.32,0.42,9.18,19.47,0.97,1.27,25.57,54.11,5.96,9.12,157.70,324.84
200,29822.48,78.78,1411.54,1011.57,0.43,0.00,1.00,0.00,0.00,0.00,0.00,0.00,5.25,0.83,1.09,0.62,162.46,105.51,1.81,2.59,54.00,113.93,2.06,2.93,53.88,113.70,1.10,1.46,25.89,54.81,0.62,0.87,18.70,40.15,1.69,2.34,49.18,104.36,2.40,3.26,67.02,142.12,7.40,11.11,199.15,412.84
201,18302.01,108.57,7115.78,1107.13,0.63,1.00,0.00,0.00,0.00,0.00,0.00,0.00,40.83,2.41,2.20,1.00,196.92,47.30,3.78,5.29,109.37,231.53,4.03,5.62,109.25,231.29,3.07,4.16,81.26,172.41,1.43,1.91,37.94,82.53,0.80,1.07,21.69,48.38,0.75,0.98,19.54,42.72,5.74,8.83,148.29,305.91
202,49427.66,388.43,7049.17,1455.31,0.51,1.00,0.00,0.00,0.00,0.00,0.00,0.00,38.08,3.38,2.75,0.94,225.90,50.99,3.77,5.28,109.33,231.21,4.03,5.62,109.21,230.98,3.07,4.15,81.22,172.09,1.42,1.91,37.90,82.21,0.80,1.07,21.65,48.07,0.74,0.97,19.50,42.41,5.74,8.82,148.41,306.07
203,27699.94,390.30,7836.42,167.35,0.69,0.00,1.00,0.00,0.00,0.00,0.00,0.00,11.89,1.85,2.10,0.97,213.47,82.09,4.59,6.32,130.10,271.85,4.84,6.66,129.98,271.61,3.89,5.19,101.99,212.72,2.24,2.95,58.67,122.85,1.61,2.11,42.42,88.70,0.45,0.56,10.25,20.96,4.83,7.53,126.28,257.74
204,39502.56,832.84,1142.41,659.87,0.70,0.00,0.00,0.00,0.00,1.00,0.00,0.00,9.17,1.21,1.07,0.54,102.69,80.51,3.66,5.10,105.74,222.56,3.91,5.44,105.61,222.32,2.95,3.98,77.62,163.44,1.30,1.73,34.30,73.56,0.68,0.89,18.05,39.41,0.67,0.86,17.25,36.90,5.67,8.71,149.38,307.62
205,33961.84,794.52,3169.25,95.99,0.38,1.00,0.00,0.00,0.00,0.00,0.00,0.00,9.31,0.61,0.57,0.37,226.38,112.30,3.68,5.14,106.88,225.25,3.93,5.48,106.75,225.02,2.97,4.01,78.76,166.13,1.33,1.77,35.44,76.25,0.70,0.93,19.19,42.11,0.65,0.83,17.04,36.45,5.65,8.68,149.17,307.17
206,19550.93,90.17,1907.90,164.38,0.44,1.00,0.00,0.00,0.00,0.00,0.00,0.00,10.78,0.42,1.55,1.04,230.71,30.41,3.64,5.10,106.45,223.47,3.90,5.44,106.32,223.24,2.94,3.97,78.33,164.35,1.29,1.73,35.01,74.47,0.67,0.89,18.76,40.33,0.61,0.79,16.40,34.67,5.61,8.64,148.53,305.39
207,21411.18,245.86,7064.48,394.35,0.51,1.00,0.00,0.00,0.00,0.00,0.00,0.00,19.75,2.99,2.76,1.54,190.85,55.25,3.69,5.22,108.16,227.76,3.95,5.56,108.03,227.53,2.99,4.09,80.05,168.64,1.34,1.85,36.73,78.76,0.72,1.01,20.48,44.62,0.79,1.06,21.24,45.61,5.79,8.91,149.96,308.81
208,33879.79,210.84,3598.19,554.00,0.38,1.00,0.00,0.00,0.00,0.00,0.00,0.00,32.85,4.77,7.48,4.06,118.21,49.24,2.38,3.40,71.77,150.57,2.63,3.74,71.64,150.33,1.67,2.27,43.66,91.45,0.19,0.24,4.76,10.34,1.26,1.71,35.25,74.54,1.97,2.62,53.09,112.30,6.97,10.48,185.22,383.02
209,40399.30,102.94,2991.62,530.25,0.53,1.00,0.00,0.00,0.00,0.00,0.00,0.00,10.58,1.44,1.55,1.06,218.43,91.41,2.36,3.36,71.16,148.86,2.61,3.70,71.03,148.63,1.65,2.23,43.05,89.74,0.17,0.20,4.15,8.63,1.24,1.67,34.64,72.84,1.95,2.59,52.48,110.60,6.95,10.44,184.61,381.32
210,67646.31,107.30,6133.51,1511.85,0.58,0.00,0.00,0.00,0.00,1.00,0.00,0.00,31.06,3.64,3.30,1.24,190.81,96.02,0.49,0.69,13.38,28.31,0.91,1.33,21.36,46.00,1.80,2.56,49.12,105.64,2.84,4.07,84.04,180.42,3.91,5.55,114.53,244.63,4.62,6.46,132.37,282.39,9.62,14.31,264.50,553.11
211,15027.27,423.65,367.04,1724.62,0.55,1.00,0.00,0.00,0.00,0.00,0.00,0.00,35.50,9.54,9.81,2.42,218.37,51.33,0.24,0.38,8.09,16.69,0.84,1.26,21.04,44.02,1.55,2.24,43.83,89.99,2.59,3.76,78.76,167.87,3.66,5.23,109.25,232.08,4.37,6.15,127.09,269.84,9.37,14.00,259.21,540.56
